sg_uf_municipio_uorg;no_municipio_uorg;qtd_servidores_ativos
AC;ACRELANDIA;2
AC;ASSIS BRASIL;4
AC;BRASILEIA;17
AC;CRUZEIRO DO SUL;348
AC;EPITACIOLANDIA;36
AC;FEIJO;3
AC;RIO BRANCO;2.395
AC;SANTA ROSA DO PURUS;1
AC;SENA MADUREIRA;80
AC;TARAUACA;71
AC;XAPURI;86
AL;ARAPIRACA;2.191
AL;ATALAIA;2
AL;BATALHA;43
AL;BOCA DA MATA;2
AL;CACIMBINHAS;2
AL;CAJUEIRO;1
AL;CAMPO ALEGRE;3
AL;CORURIPE;59
AL;CRAIBAS;2
AL;DELMIRO GOUVEIA;104
AL;FEIRA GRANDE;1
AL;GIRAU DO PONCIANO;2
AL;IGACI;2
AL;IGREJA NOVA;1
AL;JEQUIA DA PRAIA;3
AL;JUNQUEIRO;4
AL;LIMOEIRO DE ANADIA;2
AL;MACEIO;2.976
AL;MARAGOGI;75
AL;MARECHAL DEODORO;118
AL;MARIBONDO;3
AL;MATRIZ DE CAMARAGIBE;1
AL;MURICI;80
AL;OURO BRANCO;1
AL;PALMEIRA DOS INDIOS;219
AL;PAO DE ACUCAR;2
AL;PARICONHA;1
AL;PASSO DE CAMARAGIBE;1
AL;PENEDO;83
AL;PIACABUCU;1
AL;PILAR;2
AL;PIRANHAS;94
AL;PORTO CALVO;4
AL;PORTO REAL DO COLEGIO;7
AL;RIO LARGO;79
AL;SANTANA DO IPANEMA;72
AL;SAO JOSE DA LAJE;2
AL;SAO JOSE DA TAPERA;3
AL;SAO MIGUEL DOS CAMPOS;93
AL;SAO SEBASTIAO;2
AL;SATUBA;163
AL;TEOTONIO VILELA;2
AL;TRAIPU;2
AL;UNIAO DOS PALMARES;5
AL;VICOSA;46
AM;ALVARAES;8
AM;APUI;3
AM;ATALAIA DO NORTE;7
AM;AUTAZES;4
AM;BARCELOS;1
AM;BENJAMIN CONSTANT;101
AM;BOCA DO ACRE;9
AM;BORBA;1
AM;CANUTAMA;1
AM;CARAUARI;1
AM;CAREIRO;1
AM;COARI;207
AM;EIRUNEPE;54
AM;HUMAITA;198
AM;IRANDUBA;35
AM;ITACOATIARA;214
AM;JUTAI;1
AM;LABREA;92
AM;MANACAPURU;58
AM;MANAUS;6.168
AM;MANICORE;4
AM;MAUES;66
AM;NOVA OLINDA DO NORTE;2
AM;NOVO AIRAO;7
AM;PARINTINS;231
AM;PRESIDENTE FIGUEIREDO;86
AM;RIO PRETO DA EVA;3
AM;SANTO ANTONIO DO ICA;3
AM;SAO GABRIEL DA CACHOEIRA;116
AM;SAO PAULO DE OLIVENCA;9
AM;TABATINGA;147
AM;TAPAUA;4
AM;TEFE;79
AP;AMAPA;9
AP;CUTIAS;3
AP;LARANJAL DO JARI;81
AP;MACAPA;11.294
AP;MAZAGAO;2
AP;OIAPOQUE;114
AP;PORTO GRANDE;89
AP;SANTANA;146
BA;ABARE;12
BA;ALAGOINHAS;37
BA;AMARGOSA;178
BA;AMELIA RODRIGUES;6
BA;ANAGE;4
BA;BAIXA GRANDE;2
BA;BARRA;42
BA;BARRA DA ESTIVA;1
BA;BARRA DO CHOCA;3
BA;BARREIRAS;753
BA;BELMONTE;2
BA;BOM JESUS DA LAPA;94
BA;BOQUIRA;6
BA;BRUMADO;101
BA;CACHOEIRA;165
BA;CACULE;2
BA;CAETITE;10
BA;CAMACAN;2
BA;CAMACARI;171
BA;CAMAMU;2
BA;CAMPO ALEGRE DE LOURDES;3
BA;CAMPO FORMOSO;3
BA;CANAVIEIRAS;3
BA;CANDIDO SALES;2
BA;CANSANCAO;3
BA;CAPIM GROSSO;2
BA;CARAVELAS;4
BA;CARINHANHA;2
BA;CASTRO ALVES;3
BA;CATU;163
BA;CICERO DANTAS;3
BA;COARACI;1
BA;CONCEICAO DO COITE;8
BA;CONDEUBA;1
BA;CORACAO DE MARIA;1
BA;CORIBE;3
BA;CRUZ DAS ALMAS;812
BA;CURACA;1
BA;DIAS D'AVILA;4
BA;ENCRUZILHADA;1
BA;ESPLANADA;3
BA;EUCLIDES DA CUNHA;91
BA;EUNAPOLIS;235
BA;FEIRA DE SANTANA;636
BA;FORMOSA DO RIO PRETO;3
BA;GANDU;3
BA;GOVERNADOR MANGABEIRA;105
BA;GUANAMBI;224
BA;IACU;2
BA;IBICARAI;2
BA;IBIRAPITANGA;2
BA;IBIRATAIA;2
BA;IBOTIRAMA;7
BA;ICHU;2
BA;IGUAI;3
BA;ILHEUS;458
BA;IPIAU;6
BA;IPIRA;6
BA;IRAQUARA;2
BA;IRARA;5
BA;IRECE;128
BA;ITABELA;3
BA;ITABERABA;78
BA;ITABUNA;324
BA;ITAETE;1
BA;ITAMARAJU;12
BA;ITAMBE;3
BA;ITANHEM;2
BA;ITAPETINGA;123
BA;ITIRUCU;3
BA;ITIUBA;2
BA;ITORORO;2
BA;ITUBERA;3
BA;JACOBINA;116
BA;JAGUAQUARA;7
BA;JAGUARARI;2
BA;JEQUIE;101
BA;JEREMOABO;1
BA;JOAO DOURADO;3
BA;JUAZEIRO;402
BA;LAURO DE FREITAS;86
BA;LENCOIS;4
BA;LIVRAMENTO DE NOSSA SENHORA;13
BA;LUIS EDUARDO MAGALHAES;29
BA;MARACAS;2
BA;MARAGOGIPE;5
BA;MATA DE SAO JOAO;2
BA;MEDEIROS NETO;1
BA;MIGUEL CALMON;6
BA;MONTE SANTO;1
BA;MORRO DO CHAPEU;8
BA;MUCURI;2
BA;MUNDO NOVO;2
BA;MURITIBA;4
BA;MUTUIPE;4
BA;NAZARE;6
BA;NOVA VICOSA;1
BA;OLINDINA;2
BA;OLIVEIRA DOS BREJINHOS;3
BA;PALMAS DE MONTE ALTO;2
BA;PALMEIRAS;4
BA;PARAMIRIM;4
BA;PARATINGA;2
BA;PARIPIRANGA;4
BA;PAULO AFONSO;187
BA;PIATA;2
BA;PILAO ARCADO;2
BA;PIRITIBA;2
BA;PLANALTO;2
BA;POCOES;8
BA;POJUCA;1
BA;PORTO SEGURO;362
BA;PRADO;12
BA;PRESIDENTE TANCREDO NEVES;1
BA;QUEIMADAS;3
BA;QUIJINGUE;2
BA;REMANSO;6
BA;RIACHAO DAS NEVES;2
BA;RIACHAO DO JACUIPE;6
BA;RIACHO DE SANTANA;3
BA;RIBEIRA DO POMBAL;15
BA;RIO DE CONTAS;1
BA;RODELAS;8
BA;RUY BARBOSA;4
BA;SALVADOR;9.946
BA;SANTA INES;146
BA;SANTA MARIA DA VITORIA;8
BA;SANTA RITA DE CASSIA;4
BA;SANTALUZ;3
BA;SANTANA;5
BA;SANTO AMARO;136
BA;SANTO ANTONIO DE JESUS;341
BA;SANTO ESTEVAO;4
BA;SAO DESIDERIO;1
BA;SAO FELIPE;1
BA;SAO FELIX;5
BA;SAO FELIX DO CORIBE;6
BA;SAO FRANCISCO DO CONDE;127
BA;SAO GONCALO DOS CAMPOS;3
BA;SAO SEBASTIAO DO PASSE;1
BA;SAPEACU;6
BA;SEABRA;117
BA;SENHOR DO BONFIM;260
BA;SERRA DO RAMALHO;3
BA;SERRINHA;99
BA;SIMOES FILHO;221
BA;SOBRADINHO;2
BA;TEIXEIRA DE FREITAS;257
BA;TUCANO;6
BA;UBAIRA;1
BA;UBAITABA;21
BA;URUCUCA;110
BA;VALENCA;159
BA;VALENTE;3
BA;VERA CRUZ;4
BA;VITORIA DA CONQUISTA;808
BA;XIQUE-XIQUE;71
CE;ABAIARA;3
CE;ACARAPE;263
CE;ACARAU;98
CE;ACOPIARA;51
CE;AIUABA;1
CE;AMONTADA;3
CE;AQUIRAZ;10
CE;ARACATI;107
CE;ARACOIABA;4
CE;ARARIPE;2
CE;ASSARE;2
CE;AURORA;3
CE;BARBALHA;104
CE;BARRO;1
CE;BATURITE;72
CE;BEBERIBE;2
CE;BELA CRUZ;2
CE;BOA VIAGEM;61
CE;BREJO SANTO;46
CE;CAMOCIM;90
CE;CAMPOS SALES;3
CE;CANINDE;139
CE;CARIRE;4
CE;CARIRIACU;2
CE;CASCAVEL;5
CE;CAUCAIA;284
CE;CEDRO;120
CE;COREAU;1
CE;CRATEUS;224
CE;CRATO;273
CE;CRUZ;3
CE;EUSEBIO;57
CE;FORQUILHA;2
CE;FORTALEZA;8.886
CE;FRECHEIRINHA;1
CE;GENERAL SAMPAIO;2
CE;GUARACIABA DO NORTE;4
CE;GUARAMIRANGA;13
CE;HORIZONTE;49
CE;IBIAPINA;5
CE;ICO;57
CE;IGUATU;221
CE;IPU;7
CE;IPUEIRAS;2
CE;IRACEMA;1
CE;IRAUCUBA;2
CE;ITAPAJE;37
CE;ITAPIPOCA;96
CE;ITAREMA;4
CE;JAGUARIBE;82
CE;JAGUARUANA;28
CE;JARDIM;1
CE;JIJOCA DE JERICOACOARA;5
CE;JUAZEIRO DO NORTE;801
CE;LAVRAS DA MANGABEIRA;2
CE;LIMOEIRO DO NORTE;164
CE;MARACANAU;166
CE;MARANGUAPE;80
CE;MARCO;1
CE;MAURITI;8
CE;MILAGRES;1
CE;MISSAO VELHA;2
CE;MOMBACA;13
CE;MORADA NOVA;69
CE;MORRINHOS;1
CE;NOVA RUSSAS;4
CE;NOVO ORIENTE;1
CE;OCARA;2
CE;OROS;1
CE;PACAJUS;5
CE;PARACURU;57
CE;PARAIPABA;2
CE;PARAMBU;2
CE;PEDRA BRANCA;2
CE;PENTECOSTE;2
CE;QUIXADA;216
CE;QUIXERAMOBIM;8
CE;REDENCAO;363
CE;RUSSAS;160
CE;SANTA QUITERIA;4
CE;SANTANA DO ACARAU;3
CE;SAO BENEDITO;4
CE;SAO GONCALO DO AMARANTE;25
CE;SENADOR POMPEU;6
CE;SOBRAL;587
CE;TABULEIRO DO NORTE;84
CE;TAMBORIL;3
CE;TAUA;79
CE;TIANGUA;98
CE;UBAJARA;88
CE;UMIRIM;60
CE;VARZEA ALEGRE;1
CE;VICOSA DO CEARA;5
DF;BRASILIA;55.548
ES;AFONSO CLAUDIO;1
ES;ALEGRE;560
ES;ARACRUZ;123
ES;BAIXO GUANDU;2
ES;BARRA DE SAO FRANCISCO;48
ES;CACHOEIRO DE ITAPEMIRIM;198
ES;CARIACICA;151
ES;CASTELO;4
ES;COLATINA;342
ES;DOMINGOS MARTINS;6
ES;ECOPORANGA;1
ES;GUACUI;3
ES;GUARAPARI;170
ES;IBATIBA;82
ES;ITAPEMIRIM;4
ES;IUNA;1
ES;JAGUARE;2
ES;LINHARES;197
ES;MARATAIZES;1
ES;MIMOSO DO SUL;2
ES;MONTANHA;74
ES;NOVA VENECIA;103
ES;PEDRO CANARIO;2
ES;PINHEIROS;2
ES;PIUMA;88
ES;PRESIDENTE KENNEDY;10
ES;SANTA MARIA DE JETIBA;62
ES;SANTA TERESA;189
ES;SAO GABRIEL DA PALHA;3
ES;SAO MATEUS;440
ES;SERRA;229
ES;SOORETAMA;4
ES;VENDA NOVA DO IMIGRANTE;98
ES;VIANA;104
ES;VILA VELHA;483
ES;VITORIA;5.053
GO;ABADIA DE GOIAS;13
GO;ACREUNA;2
GO;AGUAS LINDAS DE GOIAS;76
GO;ALEXANIA;2
GO;ALTO PARAISO DE GOIAS;13
GO;ANAPOLIS;357
GO;ANICUNS;2
GO;APARECIDA DE GOIANIA;221
GO;ARAGARCAS;5
GO;BELA VISTA DE GOIAS;2
GO;BURITI ALEGRE;1
GO;CAIAPONIA;2
GO;CALDAS NOVAS;12
GO;CAMPOS BELOS;64
GO;CATALAO;566
GO;CERES;184
GO;CHAPADAO DO CEU;3
GO;CIDADE OCIDENTAL;8
GO;CRISTALINA;51
GO;FIRMINOPOLIS;3
GO;FORMOSA;113
GO;GOIANESIA;4
GO;GOIANIA;7.155
GO;GOIANIRA;4
GO;GOIAS;183
GO;GOIATUBA;2
GO;HIDROLANDIA;36
GO;INHUMAS;116
GO;IPAMERI;38
GO;IPORA;134
GO;ITABERAI;5
GO;ITAPURANGA;3
GO;ITUMBIARA;121
GO;JARAGUA;4
GO;JATAI;742
GO;JUSSARA;2
GO;LUZIANIA;105
GO;MAMBAI;1
GO;MINACU;4
GO;MINEIROS;4
GO;MORRINHOS;197
GO;NIQUELANDIA;3
GO;NOVA VENEZA;2
GO;NOVO GAMA;6
GO;PADRE BERNARDO;3
GO;PALMEIRAS DE GOIAS;4
GO;PIRACANJUBA;4
GO;PIRENOPOLIS;3
GO;PIRES DO RIO;6
GO;PLANALTINA;1
GO;PONTALINA;1
GO;PORANGATU;44
GO;POSSE;70
GO;QUIRINOPOLIS;4
GO;RIALMA;1
GO;RIO VERDE;314
GO;SANTA HELENA DE GOIAS;3
GO;SANTO ANTONIO DO DESCOBERTO;2
GO;SAO LUIS DE MONTES BELOS;8
GO;SAO MIGUEL DO ARAGUAIA;10
GO;SAO SIMAO;1
GO;SENADOR CANEDO;84
GO;SILVANIA;1
GO;TRINDADE;92
GO;URUACU;115
GO;URUTAI;221
GO;VALPARAISO DE GOIAS;69
MA;ACAILANDIA;130
MA;ALCANTARA;99
MA;ALDEIAS ALTAS;2
MA;AMARANTE DO MARANHAO;3
MA;ARAIOSES;36
MA;ARAME;1
MA;BACABAL;114
MA;BALSAS;51
MA;BARAO DE GRAJAU;9
MA;BARRA DO CORDA;93
MA;BARREIRINHAS;81
MA;BOM JARDIM;2
MA;BURITICUPU;75
MA;CAROLINA;30
MA;CARUTAPERA;2
MA;CAXIAS;230
MA;CHAPADINHA;96
MA;CODO;201
MA;COELHO NETO;65
MA;COROATA;7
MA;CURURUPU;2
MA;ESTREITO;3
MA;GOVERNADOR NUNES FREIRE;3
MA;GRAJAU;102
MA;HUMBERTO DE CAMPOS;1
MA;IMPERATRIZ;459
MA;ITAPECURU MIRIM;29
MA;ITINGA DO MARANHAO;2
MA;JENIPAPO DOS VIEIRAS;1
MA;MONTES ALTOS;1
MA;PACO DO LUMIAR;5
MA;PEDREIRAS;70
MA;PENALVA;2
MA;PINHEIRO;111
MA;PORTO FRANCO;26
MA;PRESIDENTE DUTRA;49
MA;ROSARIO;34
MA;SANTA INES;165
MA;SANTA LUZIA;1
MA;SANTA LUZIA DO PARUA;7
MA;SANTA QUITERIA DO MARANHAO;3
MA;SANTA RITA;3
MA;SAO BENTO;2
MA;SAO BERNARDO;61
MA;SAO DOMINGOS DO MARANHAO;2
MA;SAO JOAO DO CARU;1
MA;SAO JOAO DOS PATOS;89
MA;SAO JOSE DE RIBAMAR;110
MA;SAO LUIS;5.859
MA;SAO MATEUS DO MARANHAO;4
MA;SAO RAIMUNDO DAS MANGABEIRAS;99
MA;TIMBIRAS;2
MA;TIMON;175
MA;TUNTUM;1
MA;TUTOIA;9
MA;URBANO SANTOS;4
MA;VIANA;38
MA;ZE DOCA;77
MG;ABADIA DOS DOURADOS;10
MG;ABAETE;3
MG;AGUAS FORMOSAS;5
MG;AIMORES;3
MG;ALFENAS;706
MG;ALMENARA;124
MG;ALTO CAPARAO;4
MG;ANDRADAS;2
MG;ANDRELANDIA;1
MG;ARACUAI;110
MG;ARAGUARI;65
MG;ARAXA;156
MG;ARCOS;34
MG;ARINOS;103
MG;BAMBUI;259
MG;BARAO DE COCAIS;3
MG;BARBACENA;338
MG;BELO HORIZONTE;12.465
MG;BELO ORIENTE;4
MG;BETIM;135
MG;BOA ESPERANCA;6
MG;BOCAIUVA;5
MG;BOM DESPACHO;13
MG;BOM SUCESSO;26
MG;BRASILIA DE MINAS;5
MG;BRUMADINHO;2
MG;BURITIS;2
MG;CAETE;9
MG;CAMBUI;6
MG;CAMPINA VERDE;19
MG;CAMPO BELO;11
MG;CAMPOS GERAIS;4
MG;CAPELINHA;11
MG;CAPINOPOLIS;6
MG;CARAI;1
MG;CARANDAI;1
MG;CARANGOLA;2
MG;CARATINGA;18
MG;CARLOS CHAGAS;2
MG;CARMO DE MINAS;51
MG;CARMO DO PARANAIBA;4
MG;CARMOPOLIS DE MINAS;45
MG;CASSIA;3
MG;CATAGUASES;26
MG;CAXAMBU;25
MG;CHAPADA GAUCHA;1
MG;CLAUDIO;1
MG;CONCEICAO DAS ALAGOAS;1
MG;CONCEICAO DO MATO DENTRO;3
MG;CONFINS;35
MG;CONGONHAS;120
MG;CONSELHEIRO LAFAIETE;60
MG;CONSELHEIRO PENA;2
MG;CONTAGEM;319
MG;CORACAO DE JESUS;4
MG;CORINTO;8
MG;COROMANDEL;3
MG;CORONEL FABRICIANO;10
MG;CURVELO;89
MG;DIAMANTINA;1.210
MG;DIVINOPOLIS;444
MG;DIVISOPOLIS;2
MG;DORES DO INDAIA;3
MG;ELOI MENDES;1
MG;ESMERALDAS;1
MG;ESPERA FELIZ;1
MG;ESPINOSA;2
MG;EXTREMA;3
MG;FLORESTAL;54
MG;FORMIGA;126
MG;FRUTAL;6
MG;GOVERNADOR VALADARES;812
MG;GUANHAES;9
MG;GUAXUPE;9
MG;IBIAI;1
MG;IBIRITE;74
MG;IGARAPE;10
MG;INCONFIDENTES;193
MG;INHAPIM;2
MG;IPATINGA;105
MG;ITABIRA;305
MG;ITABIRITO;59
MG;ITAJUBA;717
MG;ITAMARANDIBA;4
MG;ITAMBACURI;3
MG;ITAOBIM;1
MG;ITAUNA;7
MG;ITUIUTABA;337
MG;ITURAMA;91
MG;JACUTINGA;2
MG;JAGUARACU;4
MG;JAIBA;3
MG;JANAUBA;118
MG;JANUARIA;266
MG;JEQUITINHONHA;8
MG;JOAO MONLEVADE;180
MG;JOAO PINHEIRO;1
MG;JUIZ DE FORA;3.735
MG;LAGOA DA PRATA;2
MG;LAGOA SANTA;21
MG;LAVRAS;1.399
MG;LEOPOLDINA;146
MG;MACHADO;204
MG;MANGA;2
MG;MANHUACU;47
MG;MANHUMIRIM;4
MG;MANTENA;4
MG;MARIANA;89
MG;MATEUS LEME;2
MG;MATOZINHOS;3
MG;MEDINA;4
MG;MINAS NOVAS;7
MG;MONTE AZUL;3
MG;MONTE CARMELO;68
MG;MONTE SANTO DE MINAS;1
MG;MONTES CLAROS;818
MG;MURIAE;130
MG;MUTUM;4
MG;MUZAMBINHO;222
MG;NANUQUE;6
MG;NEPOMUCENO;71
MG;NOVA ERA;2
MG;NOVA LIMA;8
MG;NOVA SERRANA;3
MG;NOVO CRUZEIRO;1
MG;OLIVEIRA;13
MG;OURO BRANCO;257
MG;OURO FINO;5
MG;OURO PRETO;1.726
MG;PALMA;2
MG;PARA DE MINAS;15
MG;PARACATU;159
MG;PARAOPEBA;5
MG;PASSA QUATRO;10
MG;PASSOS;133
MG;PATOS DE MINAS;209
MG;PATROCINIO;109
MG;PECANHA;2
MG;PEDRA AZUL;2
MG;PEDRO LEOPOLDO;128
MG;PERDOES;1
MG;PIRANGA;1
MG;PIRAPORA;99
MG;PITANGUI;1
MG;PIUMHI;37
MG;POCOS DE CALDAS;378
MG;POMPEU;2
MG;PONTE NOVA;48
MG;PORTEIRINHA;31
MG;POUSO ALEGRE;338
MG;PRATA;5
MG;RAPOSOS;1
MG;RAUL SOARES;3
MG;RESPLENDOR;1
MG;RIBEIRAO DAS NEVES;89
MG;RIO ACIMA;3
MG;RIO CASCA;1
MG;RIO PARANAIBA;19
MG;RIO PARDO DE MINAS;6
MG;RIO POMBA;253
MG;RITAPOLIS;2
MG;SABARA;105
MG;SACRAMENTO;2
MG;SALINAS;216
MG;SANTA BARBARA;4
MG;SANTA HELENA DE MINAS;2
MG;SANTA LUZIA;109
MG;SANTA MARIA DO SUACUI;2
MG;SANTA RITA DO SAPUCAI;2
MG;SANTANA DO RIACHO;9
MG;SANTO ANTONIO DO MONTE;2
MG;SANTOS DUMONT;95
MG;SAO FRANCISCO;6
MG;SAO GONCALO DO SAPUCAI;2
MG;SAO GOTARDO;1
MG;SAO JOAO DA PONTE;3
MG;SAO JOAO DAS MISSOES;1
MG;SAO JOAO DEL REI;1.045
MG;SAO JOAO DO PARAISO;2
MG;SAO JOAO EVANGELISTA;172
MG;SAO JOAO NEPOMUCENO;2
MG;SAO LOURENCO;12
MG;SAO PEDRO DOS FERROS;1
MG;SAO ROQUE DE MINAS;4
MG;SAO SEBASTIAO DO OESTE;3
MG;SAO SEBASTIAO DO PARAISO;46
MG;SARZEDO;3
MG;SERRO;11
MG;SETE LAGOAS;165
MG;TAIOBEIRAS;5
MG;TEOFILO OTONI;421
MG;TIMOTEO;90
MG;TIRADENTES;10
MG;TRES CORACOES;67
MG;TRES MARIAS;9
MG;TRES PONTAS;6
MG;TUPACIGUARA;2
MG;UBA;30
MG;UBERABA;2.500
MG;UBERLANDIA;5.076
MG;UNAI;87
MG;URUCANIA;1
MG;VARGINHA;367
MG;VARZEA DA PALMA;3
MG;VESPASIANO;9
MG;VICOSA;2.999
MG;VISCONDE DO RIO BRANCO;8
MS;ALCINOPOLIS;2
MS;AMAMBAI;5
MS;ANASTACIO;4
MS;APARECIDA DO TABOADO;5
MS;AQUIDAUANA;208
MS;BATAGUASSU;6
MS;BELA VISTA;3
MS;BONITO;7
MS;BRASILANDIA;4
MS;CAARAPO;2
MS;CAMPO GRANDE;4.520
MS;CASSILANDIA;4
MS;CHAPADAO DO SUL;57
MS;CORUMBA;397
MS;COSTA RICA;4
MS;COXIM;188
MS;DEODAPOLIS;1
MS;DOURADOS;1.851
MS;FATIMA DO SUL;2
MS;GUIA LOPES DA LAGUNA;32
MS;IGUATEMI;8
MS;ITAQUIRAI;1
MS;IVINHEMA;3
MS;JARDIM;74
MS;LADARIO;18
MS;MARACAJU;1
MS;MIRANDA;1
MS;MUNDO NOVO;28
MS;NAVIRAI;224
MS;NOVA ALVORADA DO SUL;92
MS;NOVA ANDRADINA;144
MS;PARANAIBA;84
MS;PARANHOS;1
MS;PONTA PORA;242
MS;PORTO MURTINHO;1
MS;RIO BRILHANTE;1
MS;RIO VERDE DE MATO GROSSO;1
MS;ROCHEDO;1
MS;SAO GABRIEL DO OESTE;3
MS;SIDROLANDIA;6
MS;TACURU;1
MS;TRES LAGOAS;475
MT;ACORIZAL;3
MT;AGUA BOA;8
MT;ALTA FLORESTA;89
MT;ALTO ARAGUAIA;3
MT;ARAPUTANGA;1
MT;BARRA DO BUGRES;5
MT;BARRA DO GARCAS;232
MT;BRASNORTE;1
MT;CACERES;241
MT;CAMPINAPOLIS;2
MT;CAMPO NOVO DO PARECIS;95
MT;CAMPO VERDE;49
MT;CANARANA;18
MT;CHAPADA DOS GUIMARAES;5
MT;COLIDER;27
MT;COLNIZA;2
MT;CONFRESA;106
MT;CUIABA;3.932
MT;DIAMANTINO;113
MT;FELIZ NATAL;2
MT;GAUCHA DO NORTE;2
MT;GUARANTA DO NORTE;40
MT;JACIARA;3
MT;JUARA;4
MT;JUINA;105
MT;LUCAS DO RIO VERDE;44
MT;MATUPA;3
MT;MIRASSOL D'OESTE;3
MT;NORTELANDIA;1
MT;NOVA MUTUM;7
MT;NOVA XAVANTINA;4
MT;PARANATINGA;4
MT;PEDRA PRETA;1
MT;PEIXOTO DE AZEVEDO;3
MT;POCONE;1
MT;PONTAL DO ARAGUAIA;270
MT;PONTES E LACERDA;151
MT;PORTO ESTRELA;1
MT;POXOREO;1
MT;PRIMAVERA DO LESTE;148
MT;QUERENCIA;2
MT;RIBEIRAO CASCALHEIRA;4
MT;RONDONOPOLIS;690
MT;ROSARIO OESTE;2
MT;SANTA TEREZINHA;1
MT;SANTO ANTONIO DO LEVERGER;114
MT;SAO FELIX DO ARAGUAIA;21
MT;SAPEZAL;2
MT;SINOP;443
MT;SORRISO;149
MT;TANGARA DA SERRA;55
MT;VARZEA GRANDE;191
PA;ABAETETUBA;226
PA;AGUA AZUL DO NORTE;1
PA;ALENQUER;16
PA;ALMEIRIM;4
PA;ALTAMIRA;419
PA;ANANINDEUA;643
PA;BAIAO;1
PA;BARCARENA;6
PA;BELEM;8.512
PA;BENEVIDES;8
PA;BRAGANCA;260
PA;BREVES;157
PA;CAMETA;172
PA;CAPANEMA;198
PA;CAPITAO POCO;68
PA;CASTANHAL;448
PA;CONCEICAO DO ARAGUAIA;122
PA;CURUCA;1
PA;GARRAFAO DO NORTE;2
PA;GOIANESIA DO PARA;3
PA;IGARAPE-ACU;1
PA;IPIXUNA DO PARA;49
PA;ITAITUBA;163
PA;JACUNDA;1
PA;JURUTI;26
PA;MAE DO RIO;1
PA;MARABA;1.077
PA;MARACANA;1
PA;MARITUBA;15
PA;MELGACO;1
PA;MOJU;1
PA;MONTE ALEGRE;24
PA;NOVO PROGRESSO;5
PA;OBIDOS;77
PA;ORIXIMINA;56
PA;OURILANDIA DO NORTE;5
PA;PARAGOMINAS;146
PA;PARAUAPEBAS;156
PA;PORTO DE MOZ;6
PA;REDENCAO;76
PA;RONDON DO PARA;38
PA;SALINOPOLIS;55
PA;SANTANA DO ARAGUAIA;16
PA;SANTAREM;1.488
PA;SAO FELIX DO XINGU;16
PA;SAO GERALDO DO ARAGUAIA;4
PA;SAO MIGUEL DO GUAMA;2
PA;SAO SEBASTIAO DA BOA VISTA;1
PA;SOURE;28
PA;TOME-ACU;59
PA;TUCUMA;7
PA;TUCURUI;241
PA;URUARA;2
PA;VIGIA;32
PA;VISEU;2
PA;XINGUARA;48
PB;ALAGOA GRANDE;1
PB;AREIA;302
PB;BAIA DA TRAICAO;7
PB;BANANEIRAS;244
PB;BAYEUX;5
PB;BONITO DE SANTA FE;1
PB;CABEDELO;323
PB;CAJAZEIRAS;162
PB;CAMPINA GRANDE;2.966
PB;CATOLE DO ROCHA;52
PB;CUITE;25
PB;ESPERANCA;58
PB;GUARABIRA;98
PB;ITABAIANA;55
PB;ITAPORANGA;50
PB;JOAO PESSOA;7.534
PB;MAMANGUAPE;9
PB;MARI;2
PB;MONTEIRO;81
PB;PATOS;399
PB;PEDRAS DE FOGO;21
PB;PICUI;78
PB;POMBAL;5
PB;PRINCESA ISABEL;64
PB;QUEIMADAS;3
PB;RIO TINTO;233
PB;SANTA LUZIA;35
PB;SANTA RITA;68
PB;SAO BENTO;2
PB;SAPE;4
PB;SERRA BRANCA;2
PB;SOLANEA;4
PB;SOLEDADE;11
PB;SOUSA;303
PB;SUME;2
PB;TEIXEIRA;5
PE;ABREU E LIMA;106
PE;AFOGADOS DA INGAZEIRA;94
PE;AGUAS BELAS;24
PE;ARARIPINA;16
PE;ARCOVERDE;29
PE;BARREIROS;158
PE;BELEM DE SAO FRANCISCO;1
PE;BELO JARDIM;184
PE;BEZERROS;6
PE;BODOCO;2
PE;BOM CONSELHO;7
PE;BUIQUE;8
PE;CABO DE SANTO AGOSTINHO;188
PE;CABROBO;3
PE;CAETES;1
PE;CAMARAGIBE;8
PE;CANHOTINHO;2
PE;CARPINA;37
PE;CARUARU;794
PE;CUSTODIA;3
PE;ESCADA;6
PE;EXU;2
PE;FERNANDO DE NORONHA;29
PE;FLORES;2
PE;FLORESTA;77
PE;GARANHUNS;574
PE;GOIANA;8
PE;GRAVATA;11
PE;IBIMIRIM;4
PE;IGARASSU;58
PE;ILHA DE ITAMARACA;2
PE;INAJA;3
PE;IPOJUCA;128
PE;IPUBI;1
PE;JABOATAO DOS GUARARAPES;76
PE;LAGOA GRANDE;2
PE;LAJEDO;1
PE;LIMOEIRO;13
PE;MORENO;7
PE;NAZARE DA MATA;13
PE;OLINDA;111
PE;OURICURI;114
PE;PALMARES;70
PE;PARNAMIRIM;4
PE;PAULISTA;78
PE;PESQUEIRA;157
PE;PETROLANDIA;3
PE;PETROLINA;1.480
PE;RECIFE;12.935
PE;RIBEIRAO;4
PE;SALGUEIRO;179
PE;SANTA CRUZ DO CAPIBARIBE;2
PE;SANTA MARIA DA BOA VISTA;41
PE;SAO BENTO DO UNA;2
PE;SAO JOAO;2
PE;SAO JOSE DO BELMONTE;2
PE;SAO JOSE DO EGITO;6
PE;SAO LOURENCO DA MATA;85
PE;SERRA TALHADA;340
PE;SERTANIA;2
PE;SURUBIM;6
PE;TABIRA;2
PE;TACARATU;5
PE;TAMANDARE;20
PE;TAQUARITINGA DO NORTE;2
PE;TIMBAUBA;15
PE;TRINDADE;2
PE;VICENCIA;2
PE;VITORIA DE SANTO ANTAO;380
PI;AGUA BRANCA;3
PI;ALTOS;2
PI;ANGICAL DO PIAUI;89
PI;BARRAS;7
PI;BATALHA;1
PI;BOM JESUS;180
PI;CAMPO MAIOR;88
PI;CANTO DO BURITI;1
PI;CAXINGO;45
PI;COCAL;76
PI;CORRENTE;92
PI;CRISTINO CASTRO;3
PI;CURIMATA;2
PI;ESPERANTINA;2
PI;FLORIANO;390
PI;JOSE DE FREITAS;37
PI;LUIS CORREIA;8
PI;LUZILANDIA;4
PI;MIGUEL ALVES;1
PI;OEIRAS;87
PI;PARNAIBA;698
PI;PAULISTANA;94
PI;PEDRO II;91
PI;PICOS;458
PI;PIO IX;25
PI;PIRACURUCA;5
PI;PIRIPIRI;147
PI;SAO JOAO DO PIAUI;70
PI;SAO RAIMUNDO NONATO;172
PI;TERESINA;4.480
PI;UNIAO;3
PI;URUCUI;92
PI;VALENCA DO PIAUI;73
PR;ANDIRA;2
PR;ANTONINA;1
PR;APUCARANA;242
PR;ARAPONGAS;37
PR;ARAPOTI;3
PR;ARAUCARIA;10
PR;ASSIS CHATEAUBRIAND;101
PR;ASTORGA;30
PR;BANDEIRANTES;2
PR;BARRACAO;1
PR;CAMBARA;2
PR;CAMBE;12
PR;CAMPINA GRANDE DO SUL;1
PR;CAMPO LARGO;96
PR;CAMPO MAGRO;5
PR;CAMPO MOURAO;238
PR;CAPANEMA;87
PR;CARAMBEI;3
PR;CASCAVEL;442
PR;CASTRO;8
PR;CATANDUVAS;268
PR;CIANORTE;13
PR;CIDADE GAUCHA;1
PR;COLOMBO;204
PR;COLORADO;3
PR;CORNELIO PROCOPIO;269
PR;CORONEL VIVIDA;35
PR;CRUZEIRO DO OESTE;4
PR;CURITIBA;9.826
PR;DOIS VIZINHOS;206
PR;FAZENDA RIO GRANDE;6
PR;FERNANDES PINHEIRO;2
PR;FOZ DO IGUACU;1.768
PR;FRANCISCO BELTRAO;160
PR;GOIOERE;37
PR;GUAIRA;169
PR;GUARAPUAVA;235
PR;GUARAQUECABA;9
PR;IBAITI;7
PR;IBIPORA;2
PR;IMBITUVA;2
PR;IPORA;2
PR;IRATI;91
PR;ITAIPULANDIA;1
PR;ITAPEJARA D'OESTE;1
PR;ITAPERUCU;2
PR;IVAIPORA;99
PR;JACAREZINHO;111
PR;JAGUAPITA;3
PR;JAGUARIAIVA;49
PR;JANDAIA DO SUL;92
PR;LAPA;4
PR;LARANJEIRAS DO SUL;161
PR;LOANDA;4
PR;LONDRINA;775
PR;MANDAGUARI;4
PR;MANDIRITUBA;1
PR;MANGUEIRINHA;1
PR;MARECHAL CANDIDO RONDON;10
PR;MARIALVA;1
PR;MARINGA;376
PR;MATELANDIA;1
PR;MATINHOS;213
PR;MEDIANEIRA;235
PR;NOVA ESPERANCA;2
PR;PAICANDU;5
PR;PALMAS;194
PR;PALMEIRA;2
PR;PALOTINA;210
PR;PARANAGUA;207
PR;PARANAVAI;142
PR;PATO BRANCO;439
PR;PINHAIS;99
PR;PINHAO;2
PR;PIRAI DO SUL;1
PR;PITANGA;67
PR;PONTA GROSSA;515
PR;PONTAL DO PARANA;99
PR;PRUDENTOPOLIS;2
PR;QUEDAS DO IGUACU;28
PR;REALEZA;162
PR;RIO NEGRO;5
PR;ROLANDIA;12
PR;SANTA FE;2
PR;SANTA HELENA;90
PR;SANTO ANTONIO DA PLATINA;6
PR;SANTO ANTONIO DO SUDOESTE;8
PR;SANTO INACIO;2
PR;SAO JERONIMO DA SERRA;3
PR;SAO JOAO;1
PR;SAO JOSE DOS PINHAIS;17
PR;SAO MATEUS DO SUL;3
PR;SAO MIGUEL DO IGUACU;5
PR;TELEMACO BORBA;108
PR;TERRA BOA;1
PR;TOLEDO;266
PR;TUNEIRAS DO OESTE;2
PR;UBIRATA;2
PR;UMUARAMA;146
PR;UNIAO DA VITORIA;83
RJ;ANGRA DOS REIS;249
RJ;ARARUAMA;11
RJ;ARRAIAL DO CABO;126
RJ;BARRA DO PIRAI;113
RJ;BARRA MANSA;15
RJ;BELFORD ROXO;50
RJ;BOM JARDIM;5
RJ;BOM JESUS DO ITABAPOANA;146
RJ;CABO FRIO;177
RJ;CACHOEIRAS DE MACACU;4
RJ;CAMBUCI;35
RJ;CAMPOS DOS GOYTACAZES;1.355
RJ;CANTAGALO;5
RJ;CARDOSO MOREIRA;2
RJ;CASIMIRO DE ABREU;6
RJ;CORDEIRO;8
RJ;DUQUE DE CAXIAS;1.153
RJ;ENGENHEIRO PAULO DE FRONTIN;67
RJ;GUAPIMIRIM;5
RJ;ITABORAI;47
RJ;ITAGUAI;280
RJ;ITALVA;2
RJ;ITAOCARA;3
RJ;ITAPERUNA;149
RJ;ITATIAIA;16
RJ;JAPERI;3
RJ;MACAE;839
RJ;MAGE;83
RJ;MANGARATIBA;8
RJ;MARICA;60
RJ;MENDES;3
RJ;MESQUITA;34
RJ;MIGUEL PEREIRA;10
RJ;MIRACEMA;4
RJ;NATIVIDADE;1
RJ;NILOPOLIS;296
RJ;NITEROI;6.435
RJ;NOVA FRIBURGO;294
RJ;NOVA IGUACU;560
RJ;PARACAMBI;134
RJ;PARAIBA DO SUL;6
RJ;PARATY;31
RJ;PATY DO ALFERES;6
RJ;PETROPOLIS;371
RJ;PINHEIRAL;164
RJ;PIRAI;2
RJ;PORCIUNCULA;2
RJ;QUEIMADOS;17
RJ;QUISSAMA;61
RJ;RESENDE;160
RJ;RIO BONITO;15
RJ;RIO DAS OSTRAS;222
RJ;RIO DE JANEIRO;48.372
RJ;SANTO ANTONIO DE PADUA;162
RJ;SAO FIDELIS;5
RJ;SAO FRANCISCO DE ITABAPOANA;4
RJ;SAO GONCALO;166
RJ;SAO JOAO DA BARRA;46
RJ;SAO JOAO DE MERITI;83
RJ;SAO JOSE DO VALE DO RIO PRETO;2
RJ;SAO PEDRO DA ALDEIA;56
RJ;SAPUCAIA;4
RJ;SAQUAREMA;3
RJ;SEROPEDICA;1.905
RJ;SILVA JARDIM;7
RJ;TANGUA;3
RJ;TERESOPOLIS;48
RJ;TRES RIOS;103
RJ;VALENCA;86
RJ;VASSOURAS;18
RJ;VOLTA REDONDA;680
RN;ACARI;3
RN;ALEXANDRIA;2
RN;ANGICOS;136
RN;APODI;109
RN;AREIA BRANCA;5
RN;ASSU;11
RN;BARAUNA;4
RN;CAICO;406
RN;CANGUARETAMA;97
RN;CARAUBAS;152
RN;CEARA-MIRIM;93
RN;CURRAIS NOVOS;179
RN;EXTREMOZ;2
RN;GOIANINHA;2
RN;IPANGUACU;92
RN;JARDIM DO SERIDO;4
RN;JOAO CAMARA;100
RN;JUCURUTU;19
RN;LAJES;48
RN;MACAIBA;249
RN;MACAU;100
RN;MARTINS;3
RN;MONTE ALEGRE;2
RN;MOSSORO;1.515
RN;NATAL;6.984
RN;NISIA FLORESTA;4
RN;NOVA CRUZ;102
RN;PARELHAS;57
RN;PARNAMIRIM;203
RN;PATU;3
RN;PAU DOS FERROS;237
RN;SANTA CRUZ;215
RN;SANTO ANTONIO;3
RN;SAO GONCALO DO AMARANTE;133
RN;SAO JOSE DE MIPIBU;2
RN;SAO MIGUEL;4
RN;SAO PAULO DO POTENGI;94
RN;TOUROS;2
RO;ALTA FLORESTA D'OESTE;43
RO;ARIQUEMES;295
RO;BURITIS;2
RO;CACOAL;259
RO;CEREJEIRAS;1
RO;CHUPINGUAIA;1
RO;COLORADO DO OESTE;159
RO;COSTA MARQUES;1
RO;ESPIGAO D'OESTE;7
RO;GUAJARA-MIRIM;218
RO;JARU;74
RO;JI-PARANA;479
RO;MACHADINHO D'OESTE;6
RO;MIRANTE DA SERRA;1
RO;NOVA BRASILANDIA D'OESTE;3
RO;NOVA MAMORE;1
RO;OURO PRETO DO OESTE;17
RO;PIMENTA BUENO;28
RO;PORTO VELHO;6.771
RO;PRESIDENTE MEDICI;34
RO;ROLIM DE MOURA;110
RO;SAO MIGUEL DO GUAPORE;25
RO;VILHENA;337
RR;ALTO ALEGRE;50
RR;AMAJARI;93
RR;BOA VISTA;7.491
RR;BONFIM;100
RR;CANTA;64
RR;CARACARAI;175
RR;IRACEMA;55
RR;MUCAJAI;90
RR;NORMANDIA;62
RR;PACARAIMA;55
RR;RORAINOPOLIS;47
RR;SAO JOAO DA BALIZA;53
RR;SAO LUIZ;44
RR;UIRAMUTA;4
RS;ACEGUA;13
RS;ALEGRETE;347
RS;ALVORADA;91
RS;ANTONIO PRADO;1
RS;ARROIO DO MEIO;2
RS;BAGE;732
RS;BARRA DO QUARAI;2
RS;BENTO GONCALVES;453
RS;CACAPAVA DO SUL;103
RS;CACEQUI;2
RS;CACHOEIRA DO SUL;145
RS;CACHOEIRINHA;6
RS;CAMAQUA;90
RS;CAMBARA DO SUL;2
RS;CAMPO BOM;7
RS;CANDELARIA;2
RS;CANELA;21
RS;CANGUCU;7
RS;CANOAS;197
RS;CAPAO DO LEAO;568
RS;CARAZINHO;23
RS;CARLOS BARBOSA;3
RS;CASCA;2
RS;CAXIAS DO SUL;537
RS;CERRO LARGO;171
RS;CHARQUEADAS;104
RS;CHUI;9
RS;CRUZ ALTA;26
RS;DOIS IRMAOS;7
RS;DOM PEDRITO;107
RS;ELDORADO DO SUL;77
RS;ENCANTADO;8
RS;ENCRUZILHADA DO SUL;1
RS;ERECHIM;350
RS;ESPUMOSO;4
RS;ESTEIO;16
RS;FARROUPILHA;110
RS;FELIZ;96
RS;FLORES DA CUNHA;3
RS;FREDERICO WESTPHALEN;248
RS;GARIBALDI;10
RS;GETULIO VARGAS;3
RS;GIRUA;1
RS;GRAVATAI;67
RS;GUAIBA;11
RS;GUAPORE;7
RS;HARMONIA;1
RS;HORIZONTINA;3
RS;IBIRUBA;124
RS;IJUI;88
RS;IMBE;25
RS;IRAI;1
RS;ITAQUI;122
RS;JAGUARAO;169
RS;JAGUARI;73
RS;JULIO DE CASTILHOS;95
RS;LAGOA VERMELHA;8
RS;LAJEADO;123
RS;MARAU;8
RS;MATO CASTELHANO;6
RS;MIRAGUAI;1
RS;MONTENEGRO;16
RS;MOSTARDAS;1
RS;MUITOS CAPOES;1
RS;NOVA ARACA;1
RS;NOVA PRATA;4
RS;NOVO HAMBURGO;252
RS;OSORIO;162
RS;PALMEIRA DAS MISSOES;126
RS;PANAMBI;126
RS;PANTANO GRANDE;2
RS;PAROBE;1
RS;PASSO FUNDO;411
RS;PELOTAS;3.299
RS;PIRATINI;1
RS;PONTE PRETA;1
RS;PORTAO;3
RS;PORTO ALEGRE;9.204
RS;PORTO LUCENA;4
RS;PORTO MAUA;6
RS;PORTO XAVIER;6
RS;QUARAI;7
RS;RIO GRANDE;2.085
RS;RIO PARDO;7
RS;ROLANTE;80
RS;ROSARIO DO SUL;4
RS;SANTA CRUZ DO SUL;93
RS;SANTA MARIA;4.544
RS;SANTA ROSA;147
RS;SANTA VITORIA DO PALMAR;44
RS;SANTANA DO LIVRAMENTO;268
RS;SANTIAGO;15
RS;SANTO ANGELO;249
RS;SANTO ANTONIO DA PATRULHA;76
RS;SANTO AUGUSTO;111
RS;SAO BORJA;326
RS;SAO FRANCISCO DE PAULA;2
RS;SAO GABRIEL;118
RS;SAO JERONIMO;6
RS;SAO JOAO DO POLESINE;4
RS;SAO JOSE DO NORTE;3
RS;SAO LEOPOLDO;23
RS;SAO LOURENCO DO SUL;45
RS;SAO LUIZ GONZAGA;8
RS;SAO MIGUEL DAS MISSOES;9
RS;SAO SEBASTIAO DO CAI;7
RS;SAO VICENTE DO SUL;179
RS;SAPIRANGA;72
RS;SAPUCAIA DO SUL;128
RS;SARANDI;93
RS;SEBERI;1
RS;SERAFINA CORREA;5
RS;SERTAO;178
RS;SILVEIRA MARTINS;1
RS;SOBRADINHO;3
RS;SOLEDADE;5
RS;TAPEJARA;2
RS;TAPES;2
RS;TAQUARA;15
RS;TAQUARI;2
RS;TEUTONIA;5
RS;TORRES;14
RS;TRAMANDAI;151
RS;TRES DE MAIO;2
RS;TRES PASSOS;18
RS;TRINDADE DO SUL;1
RS;TUPANCIRETA;2
RS;URUGUAIANA;547
RS;VACARIA;78
RS;VENANCIO AIRES;89
RS;VERANOPOLIS;40
RS;VIAMAO;73
RS;VILA FLORES;1
RS;VILA MARIA;1
SC;ABDON BATISTA;2
SC;ABELARDO LUZ;28
SC;ALFREDO WAGNER;3
SC;ARAQUARI;198
SC;ARARANGUA;297
SC;BALNEARIO CAMBORIU;20
SC;BIGUACU;5
SC;BLUMENAU;693
SC;BRACO DO NORTE;7
SC;BRUSQUE;84
SC;CACADOR;78
SC;CAMBORIU;223
SC;CAMPOS NOVOS;6
SC;CANOINHAS;96
SC;CAPINZAL;7
SC;CAPIVARI DE BAIXO;6
SC;CHAPECO;992
SC;CONCORDIA;200
SC;CRICIUMA;236
SC;CURITIBANOS;146
SC;DIONISIO CERQUEIRA;61
SC;FLORIANOPOLIS;7.866
SC;FORQUILHINHA;8
SC;FRAIBURGO;56
SC;GAROPABA;64
SC;GASPAR;98
SC;GRAO PARA;1
SC;GUARAMIRIM;3
SC;GUATAMBU;2
SC;HERVAL D'OESTE;1
SC;IBIRAMA;68
SC;ICARA;8
SC;IMBITUBA;31
SC;INDAIAL;7
SC;IPUACU;1
SC;IPUMIRIM;3
SC;ITAIOPOLIS;3
SC;ITAJAI;430
SC;ITAPEMA;12
SC;ITAPIRANGA;4
SC;ITAPOA;32
SC;JARAGUA DO SUL;222
SC;JOACABA;57
SC;JOINVILLE;632
SC;JOSE BOITEUX;1
SC;LAGES;247
SC;LAGUNA;17
SC;LUZERNA;76
SC;MAFRA;66
SC;MARAVILHA;11
SC;NOVA ERECHIM;1
SC;PALHOCA;107
SC;PALMEIRA;1
SC;PALMITOS;2
SC;PENHA;3
SC;PINHALZINHO;5
SC;POMERODE;5
SC;PORTO UNIAO;8
SC;POUSO REDONDO;1
SC;PRESIDENTE GETULIO;1
SC;QUILOMBO;2
SC;RIO DO SUL;200
SC;RIO NEGRINHO;2
SC;SANTA ROSA DO SUL;131
SC;SAO BENTO DO SUL;80
SC;SAO CARLOS;59
SC;SAO FRANCISCO DO SUL;95
SC;SAO JOAQUIM;1
SC;SAO JOSE;523
SC;SAO LOURENCO DO OESTE;35
SC;SAO MIGUEL DO OESTE;108
SC;SEARA;3
SC;SOMBRIO;85
SC;TIJUCAS;6
SC;TIMBO;9
SC;TRES BARRAS;2
SC;TUBARAO;139
SC;URUBICI;3
SC;URUPEMA;32
SC;URUSSANGA;7
SC;VIDEIRA;142
SC;XANXERE;77
SC;XAXIM;4
SE;ARACAJU;2.740
SE;AREIA BRANCA;2
SE;CANINDE DE SAO FRANCISCO;3
SE;CAPELA;2
SE;ESTANCIA;108
SE;ITABAIANA;273
SE;ITABAIANINHA;4
SE;LAGARTO;309
SE;LARANJEIRAS;69
SE;NOSSA SENHORA APARECIDA;46
SE;NOSSA SENHORA DA GLORIA;124
SE;NOSSA SENHORA DAS DORES;5
SE;NOSSA SENHORA DO SOCORRO;49
SE;PIRAMBU;4
SE;POCO REDONDO;21
SE;PORTO DA FOLHA;3
SE;PROPRIA;50
SE;SAO CRISTOVAO;1.665
SE;TOBIAS BARRETO;47
SE;UMBAUBA;2
SP;ADAMANTINA;9
SP;AGUAI;2
SP;AGUDOS;4
SP;ALVARES MACHADO;2
SP;AMERICANA;15
SP;AMERICO BRASILIENSE;1
SP;AMPARO;16
SP;ANDRADINA;11
SP;APIAI;2
SP;ARACATUBA;158
SP;ARACOIABA DA SERRA;15
SP;ARARAQUARA;237
SP;ARARAS;182
SP;ARTUR NOGUEIRA;2
SP;ARUJA;5
SP;ASSIS;13
SP;ATIBAIA;91
SP;AVARE;117
SP;BARIRI;5
SP;BARRA BONITA;4
SP;BARRETOS;147
SP;BARUERI;46
SP;BASTOS;4
SP;BATATAIS;3
SP;BAURU;379
SP;BEBEDOURO;7
SP;BERTIOGA;3
SP;BIRIGUI;133
SP;BIRITIBA-MIRIM;2
SP;BOITUVA;112
SP;BOTUCATU;43
SP;BRAGANCA PAULISTA;124
SP;BRAUNA;1
SP;BROTAS;1
SP;BURI;108
SP;CABREUVA;5
SP;CACAPAVA;12
SP;CACHOEIRA PAULISTA;66
SP;CAIEIRAS;2
SP;CAJATI;2
SP;CAJURU;3
SP;CAMPINAS;1.356
SP;CAMPO LIMPO PAULISTA;8
SP;CAMPOS DO JORDAO;107
SP;CANANEIA;5
SP;CANDIDO MOTA;4
SP;CAPAO BONITO;5
SP;CAPIVARI;115
SP;CARAGUATATUBA;130
SP;CARAPICUIBA;25
SP;CASA BRANCA;5
SP;CATANDUVA;126
SP;CERQUEIRA CESAR;1
SP;CERQUILHO;5
SP;CONCHAL;1
SP;COSMOPOLIS;5
SP;COTIA;28
SP;CRAVINHOS;3
SP;CRUZEIRO;28
SP;CUBATAO;160
SP;CUNHA;4
SP;DESCALVADO;2
SP;DIADEMA;381
SP;DOIS CORREGOS;2
SP;DRACENA;5
SP;EMBU-GUACU;4
SP;ESPIRITO SANTO DO PINHAL;4
SP;ESTRELA D'OESTE;2
SP;FERNANDOPOLIS;11
SP;FRANCA;101
SP;FRANCO DA ROCHA;10
SP;GARCA;5
SP;GENERAL SALGADO;2
SP;GUAIRA;3
SP;GUAPIACU;3
SP;GUAPIARA;2
SP;GUARARAPES;4
SP;GUARAREMA;2
SP;GUARATINGUETA;60
SP;GUARIBA;1
SP;GUARUJA;12
SP;GUARULHOS;1.173
SP;HOLAMBRA;1
SP;HORTOLANDIA;132
SP;IBATE;2
SP;IBITINGA;5
SP;IGARACU DO TIETE;3
SP;IGUAPE;12
SP;ILHA SOLTEIRA;34
SP;INDAIATUBA;18
SP;IPERO;21
SP;IPEUNA;2
SP;IPUA;1
SP;ITAI;3
SP;ITANHAEM;29
SP;ITAPECERICA DA SERRA;75
SP;ITAPETININGA;144
SP;ITAPEVA;10
SP;ITAPEVI;3
SP;ITAPIRA;4
SP;ITAPOLIS;5
SP;ITAQUAQUECETUBA;75
SP;ITARARE;3
SP;ITATIBA;8
SP;ITU;11
SP;ITUVERAVA;8
SP;JABOTICABAL;8
SP;JACAREI;124
SP;JALES;35
SP;JARINU;3
SP;JAU;24
SP;JOSE BONIFACIO;6
SP;JUNDIAI;232
SP;LARANJAL PAULISTA;5
SP;LEME;4
SP;LENCOIS PAULISTA;8
SP;LIMEIRA;40
SP;LINS;14
SP;LORENA;9
SP;MAIRINQUE;1
SP;MARILIA;176
SP;MARTINOPOLIS;2
SP;MATAO;115
SP;MAUA;35
SP;MIRACATU;7
SP;MIRANDOPOLIS;2
SP;MIRASSOL;7
SP;MOCOCA;3
SP;MOGI DAS CRUZES;74
SP;MOGI MIRIM;12
SP;MOGI-GUACU;16
SP;MONGAGUA;6
SP;MONTE ALTO;5
SP;MONTE APRAZIVEL;2
SP;MORRO AGUDO;3
SP;MOTUCA;1
SP;NHANDEARA;2
SP;NOVA ODESSA;2
SP;NOVO HORIZONTE;6
SP;NUPORANGA;3
SP;OLIMPIA;8
SP;ONDA VERDE;1
SP;ORLANDIA;7
SP;OSASCO;529
SP;OSVALDO CRUZ;5
SP;OURINHOS;17
SP;PALMITAL;5
SP;PARAGUACU PAULISTA;7
SP;PEDERNEIRAS;5
SP;PEDREIRA;5
SP;PENAPOLIS;9
SP;PEREIRA BARRETO;4
SP;PEREIRAS;2
SP;PERUIBE;6
SP;PIEDADE;4
SP;PILAR DO SUL;2
SP;PINDAMONHANGABA;16
SP;PIRACICABA;339
SP;PIRAJU;4
SP;PIRAJUI;2
SP;PIRAPOZINHO;1
SP;PIRASSUNUNGA;84
SP;PITANGUEIRAS;2
SP;PORTO FELIZ;3
SP;PORTO FERREIRA;4
SP;PRAIA GRANDE;12
SP;PRESIDENTE EPITACIO;104
SP;PRESIDENTE PRUDENTE;204
SP;PRESIDENTE VENCESLAU;4
SP;PROMISSAO;7
SP;RANCHARIA;5
SP;REGISTRO;159
SP;RIBEIRAO PIRES;11
SP;RIBEIRAO PRETO;439
SP;RIO CLARO;23
SP;RIO DAS PEDRAS;3
SP;ROSANA;1
SP;SALTO;116
SP;SALTO DE PIRAPORA;3
SP;SANTA BARBARA D'OESTE;11
SP;SANTA CRUZ DAS PALMEIRAS;2
SP;SANTA CRUZ DO RIO PARDO;6
SP;SANTA FE DO SUL;5
SP;SANTA ISABEL;2
SP;SANTANA DE PARNAIBA;7
SP;SANTO ANASTACIO;3
SP;SANTO ANDRE;1.627
SP;SANTOS;959
SP;SAO BERNARDO DO CAMPO;228
SP;SAO CAETANO DO SUL;25
SP;SAO CARLOS;1.818
SP;SAO JOAO DA BOA VISTA;169
SP;SAO JOAQUIM DA BARRA;12
SP;SAO JOSE DO RIO PARDO;13
SP;SAO JOSE DO RIO PRETO;442
SP;SAO JOSE DOS CAMPOS;2.719
SP;SAO MANUEL;1
SP;SAO MIGUEL ARCANJO;2
SP;SAO PAULO;11.927
SP;SAO PEDRO;4
SP;SAO ROQUE;111
SP;SAO SEBASTIAO;49
SP;SAO SIMAO;2
SP;SAO VICENTE;27
SP;SERRANA;2
SP;SERTAOZINHO;167
SP;SOCORRO;3
SP;SOROCABA;722
SP;SUMARE;14
SP;SUZANO;142
SP;TABOAO DA SERRA;25
SP;TAMBAU;3
SP;TANABI;3
SP;TAQUARITINGA;2
SP;TAQUARITUBA;2
SP;TATUI;12
SP;TAUBATE;191
SP;TEODORO SAMPAIO;4
SP;TIETE;11
SP;TUPA;60
SP;UBATUBA;23
SP;VALINHOS;9
SP;VALPARAISO;2
SP;VARGEM GRANDE PAULISTA;3
SP;VARZEA PAULISTA;2
SP;VOTORANTIM;8
SP;VOTUPORANGA;134
TO;ABREULANDIA;1
TO;ARAGUAINA;625
TO;ARAGUATINS;80
TO;ARAPOEMA;1
TO;ARRAIAS;103
TO;COLINAS DO TOCANTINS;47
TO;DIANOPOLIS;20
TO;FORMOSO DO ARAGUAIA;3
TO;GUARAI;2
TO;GURUPI;239
TO;LAGOA DA CONFUSAO;6
TO;MIRACEMA DO TOCANTINS;90
TO;PALMAS;2.565
TO;PARAISO DO TOCANTINS;66
TO;PEDRO AFONSO;3
TO;PIUM;1
TO;PORTO NACIONAL;226
TO;TOCANTINIA;1
TO;TOCANTINOPOLIS;93
